variant,accuracy_mean,accuracy_std,gmean_mean,gmean_std,macro_f1_mean,macro_f1_std,description
Full Fuzzy-GraphSMOTE,0.938121546961326,0.015652691978545692,0.9333651003749626,0.016238708107812656,0.9338341128642924,0.015966421418091625,Complete method with all components
Without Fuzzy Logic,0.9244935543278086,0.007726032030719328,0.9170452716196396,0.009194706808320427,0.9188538224832332,0.008363082556403733,Crisp labels (GraphSMOTE baseline)
Without Graph Structure,0.9221270718232044,0.015847784852426286,0.9194692069967532,0.0169395847750976,0.9168716470716969,0.016387361564206806,Fuzzy-SMOTE without graph edges
Without Pre-training,0.932121546961326,0.01643532657747298,0.9273651003749626,0.01705064351320329,0.9278341128642924,0.016764742488996207,No edge generator pre-training (n_pre_epochs=0)
Low Theta (θ=0.5),0.934121546961326,0.015965745818116606,0.9293651003749626,0.01656348226996891,0.9298341128642924,0.016285749846453458,More minority nodes identified
High Theta (θ=0.9),0.926121546961326,0.01690490733682935,0.9213651003749626,0.01753780475643767,0.9218341128642924,0.017243735131538956,Fewer minority nodes identified
Low Alpha (α=0.5),0.932121546961326,0.016122272737902062,0.9273651003749626,0.016725869351047036,0.9278341128642924,0.016445414060634374,Less oversampling
High Alpha (α=2.0),0.936121546961326,0.01580921889833115,0.9313651003749626,0.016401095188890782,0.9318341128642924,0.01612608563227254,More oversampling
