{
  "cora": {
    "vanilla_gnn": {
      "fuzzy_accuracy_mean": 0.9948434591293335,
      "fuzzy_accuracy_std": 0.0027066097080551675,
      "fuzzy_cross_entropy_mean": 0.18071570098400117,
      "fuzzy_cross_entropy_std": 0.011292519095936496,
      "accuracy_mean": 0.9476979742173113,
      "accuracy_std": 0.008684954786409994,
      "balanced_accuracy_mean": 0.9450319351579404,
      "balanced_accuracy_std": 0.010521038009236715,
      "macro_precision_mean": 0.9434858618992557,
      "macro_precision_std": 0.007836627828763112,
      "macro_recall_mean": 0.9450319351579404,
      "macro_recall_std": 0.010521038009236715,
      "macro_f1_mean": 0.9441407242546704,
      "macro_f1_std": 0.008942786307988332,
      "precision_class_0_mean": 0.9264243695469483,
      "precision_class_0_std": 0.010124991892379408,
      "recall_class_0_mean": 0.9340478548171912,
      "recall_class_0_std": 0.020461612675531655,
      "f1_class_0_mean": 0.9300625700160372,
      "f1_class_0_std": 0.010596083052606108,
      "precision_class_1_mean": 0.960547354251563,
      "precision_class_1_std": 0.013132705448991035,
      "recall_class_1_mean": 0.9560160154986894,
      "recall_class_1_std": 0.006704372679208939,
      "f1_class_1_mean": 0.9582188784933034,
      "f1_class_1_std": 0.007303192132320879,
      "minority_f1_c0_mean": 0.9300625700160372,
      "minority_f1_c0_std": 0.010596083052606108,
      "minority_f1_c1_mean": 0.9582188784933034,
      "minority_f1_c1_std": 0.007303192132320879,
      "gmean_mean": 0.9449027427662905,
      "gmean_std": 0.010634215467154935
    },
    "gcn": {
      "fuzzy_accuracy_mean": 0.9889502763748169,
      "fuzzy_accuracy_std": 0.0026044476450322153,
      "fuzzy_cross_entropy_mean": 0.1932636022567749,
      "fuzzy_cross_entropy_std": 0.0161715930667084,
      "accuracy_mean": 0.9373848987108655,
      "accuracy_std": 0.006485015418658969,
      "balanced_accuracy_mean": 0.9379143042855471,
      "balanced_accuracy_std": 0.007470194272908198,
      "macro_precision_mean": 0.9301962819841251,
      "macro_precision_std": 0.006126648109815122,
      "macro_recall_mean": 0.9379143042855471,
      "macro_recall_std": 0.007470194272908198,
      "macro_f1_mean": 0.9336039644528855,
      "macro_f1_std": 0.0064653139127061506,
      "precision_class_0_mean": 0.8971491922740613,
      "precision_class_0_std": 0.011868993240511515,
      "recall_class_0_mean": 0.9397587505082239,
      "recall_class_0_std": 0.015751933906318533,
      "f1_class_0_mean": 0.9178075091695955,
      "f1_class_0_std": 0.00727161180188764,
      "precision_class_1_mean": 0.9632433716941886,
      "precision_class_1_std": 0.00998057909258911,
      "recall_class_1_mean": 0.9360698580628707,
      "recall_class_1_std": 0.00920775250299301,
      "f1_class_1_mean": 0.9494004197361752,
      "f1_class_1_std": 0.0058049072801549095,
      "minority_f1_c0_mean": 0.9178075091695955,
      "minority_f1_c0_std": 0.00727161180188764,
      "minority_f1_c1_mean": 0.9494004197361752,
      "minority_f1_c1_std": 0.0058049072801549095,
      "gmean_mean": 0.9378533664489412,
      "gmean_std": 0.007487174563140388
    },
    "class_balanced": {
      "fuzzy_accuracy_mean": 0.9907918930053711,
      "fuzzy_accuracy_std": 0.00480234496978444,
      "fuzzy_cross_entropy_mean": 0.18802933096885682,
      "fuzzy_cross_entropy_std": 0.01160291705797289,
      "accuracy_mean": 0.9388581952117864,
      "accuracy_std": 0.009632925842078846,
      "balanced_accuracy_mean": 0.9398877636030176,
      "balanced_accuracy_std": 0.009732921493044649,
      "macro_precision_mean": 0.9316028744302631,
      "macro_precision_std": 0.009680226651036412,
      "macro_recall_mean": 0.9398877636030176,
      "macro_recall_std": 0.009732921493044649,
      "macro_f1_mean": 0.9352619007825138,
      "macro_f1_std": 0.009619473795554731,
      "precision_class_0_mean": 0.8977210777848189,
      "precision_class_0_std": 0.015651436464016993,
      "recall_class_0_mean": 0.9437695308884084,
      "recall_class_0_std": 0.01383035392380497,
      "f1_class_0_mean": 0.9200551026476781,
      "f1_class_0_std": 0.010744026405719014,
      "precision_class_1_mean": 0.9654846710757072,
      "precision_class_1_std": 0.009274853421360904,
      "recall_class_1_mean": 0.9360059963176267,
      "recall_class_1_std": 0.012141610447900547,
      "f1_class_1_mean": 0.9504686989173499,
      "f1_class_1_std": 0.008519016989318541,
      "minority_f1_c0_mean": 0.9200551026476781,
      "minority_f1_c0_std": 0.010744026405719014,
      "minority_f1_c1_mean": 0.9504686989173499,
      "minority_f1_c1_std": 0.008519016989318541,
      "gmean_mean": 0.9398401220635861,
      "gmean_std": 0.009726039149824972
    },
    "focal_loss": {
      "fuzzy_accuracy_mean": 0.9941068053245544,
      "fuzzy_accuracy_std": 0.003756186408604571,
      "fuzzy_cross_entropy_mean": 0.22365871369838713,
      "fuzzy_cross_entropy_std": 0.009161836073475222,
      "accuracy_mean": 0.9333333333333333,
      "accuracy_std": 0.009126712112975248,
      "balanced_accuracy_mean": 0.926198088984858,
      "balanced_accuracy_std": 0.010475246546962903,
      "macro_precision_mean": 0.9314550983370614,
      "macro_precision_std": 0.010323689791014584,
      "macro_recall_mean": 0.926198088984858,
      "macro_recall_std": 0.010475246546962903,
      "macro_f1_mean": 0.9282720395199051,
      "macro_f1_std": 0.009374519823721604,
      "precision_class_0_mean": 0.9220840595359835,
      "precision_class_0_std": 0.025372373255641217,
      "recall_class_0_mean": 0.8981771685832411,
      "recall_class_0_std": 0.02844835940796211,
      "f1_class_0_mean": 0.9093030457660056,
      "f1_class_0_std": 0.011279257835203624,
      "precision_class_1_mean": 0.9408261371381392,
      "precision_class_1_std": 0.01604645215845111,
      "recall_class_1_mean": 0.9542190093864745,
      "recall_class_1_std": 0.017419555016434704,
      "f1_class_1_mean": 0.9472410332738045,
      "f1_class_1_std": 0.007766511061399097,
      "minority_f1_c0_mean": 0.9093030457660056,
      "minority_f1_c0_std": 0.011279257835203624,
      "minority_f1_c1_mean": 0.9472410332738045,
      "minority_f1_c1_std": 0.007766511061399097,
      "gmean_mean": 0.9255272046071683,
      "gmean_std": 0.010963947580198058
    },
    "rus": {
      "fuzzy_accuracy_mean": 0.8662983536720276,
      "fuzzy_accuracy_std": 0.008202983571159362,
      "fuzzy_cross_entropy_mean": 0.9713127970695495,
      "fuzzy_cross_entropy_std": 0.0668337223228006,
      "accuracy_mean": 0.8206261510128913,
      "accuracy_std": 0.011447712904545168,
      "balanced_accuracy_mean": 0.8207708723247755,
      "balanced_accuracy_std": 0.01127241726055414,
      "macro_precision_mean": 0.808378010977516,
      "macro_precision_std": 0.010110614194487449,
      "macro_recall_mean": 0.8207708723247755,
      "macro_recall_std": 0.01127241726055414,
      "macro_f1_mean": 0.8122592343428743,
      "macro_f1_std": 0.010568660759018397,
      "precision_class_0_mean": 0.7300165565322059,
      "precision_class_0_std": 0.01371824503926998,
      "recall_class_0_mean": 0.8223707403325047,
      "recall_class_0_std": 0.02562412270156521,
      "f1_class_0_mean": 0.7731293099626995,
      "f1_class_0_std": 0.011601352937514893,
      "precision_class_1_mean": 0.8867394654228263,
      "precision_class_1_std": 0.013463580741580253,
      "recall_class_1_mean": 0.8191710043170464,
      "recall_class_1_std": 0.02175331034552882,
      "f1_class_1_mean": 0.8513891587230485,
      "f1_class_1_std": 0.012420420911431635,
      "minority_f1_c0_mean": 0.7731293099626995,
      "minority_f1_c0_std": 0.011601352937514893,
      "minority_f1_c1_mean": 0.8513891587230485,
      "minority_f1_c1_std": 0.012420420911431635,
      "gmean_mean": 0.8205035211227372,
      "gmean_std": 0.011201374848922457
    },
    "smote": {
      "fuzzy_accuracy_mean": 0.879926347732544,
      "fuzzy_accuracy_std": 0.011012821885574035,