{
  "cora": {
    "smote": {
      "fuzzy_accuracy_mean": 0.8847145438194275,
      "fuzzy_accuracy_std": 0.007329561893352844,
      "fuzzy_cross_entropy_mean": 0.8925599575042724,
      "fuzzy_cross_entropy_std": 0.06780655035526725,
      "accuracy_mean": 0.8449355432780846,
      "accuracy_std": 0.009200733699297851,
      "balanced_accuracy_mean": 0.8254732456767805,
      "balanced_accuracy_std": 0.005729154029212646,
      "macro_precision_mean": 0.8388774204030292,
      "macro_precision_std": 0.012543048253621637,
      "macro_recall_mean": 0.8254732456767805,
      "macro_recall_std": 0.005729154029212646,
      "macro_f1_mean": 0.8309398575194438,
      "macro_f1_std": 0.00823137058421323,
      "precision_class_0_mean": 0.8186260815644868,
      "precision_class_0_std": 0.02613964400180186,
      "recall_class_0_mean": 0.7500850415764918,
      "recall_class_0_std": 0.01036280571286834,
      "f1_class_0_mean": 0.7824923897111541,
      "f1_class_0_std": 0.00877091032666778,
      "precision_class_1_mean": 0.8591287592415714,
      "precision_class_1_std": 0.0027388878286460933,
      "recall_class_1_mean": 0.9008614497770691,
      "recall_class_1_std": 0.019542591132753605,
      "f1_class_1_mean": 0.8793873253277333,
      "f1_class_1_std": 0.009176214833364728,
      "minority_f1_c0_mean": 0.7824923897111541,
      "minority_f1_c0_std": 0.00877091032666778,
      "minority_f1_c1_mean": 0.8793873253277333,
      "minority_f1_c1_std": 0.009176214833364728,
      "gmean_mean": 0.8219007885260428,
      "gmean_std": 0.004773671284164611
    },
    "adasyn": {
      "fuzzy_accuracy_mean": 0.8766114354133606,
      "fuzzy_accuracy_std": 0.01397691955324679,
      "fuzzy_cross_entropy_mean": 0.9666404843330383,
      "fuzzy_cross_entropy_std": 0.0621471375439449,
      "accuracy_mean": 0.8364640883977901,
      "accuracy_std": 0.016197888344232806,
      "balanced_accuracy_mean": 0.8129880084164391,
      "balanced_accuracy_std": 0.015562033016568028,
      "macro_precision_mean": 0.8322860906216348,
      "macro_precision_std": 0.021102972317019884,
      "macro_recall_mean": 0.8129880084164391,
      "macro_recall_std": 0.015562033016568028,
      "macro_f1_mean": 0.8202480555856614,
      "macro_f1_std": 0.016837484556637014,
      "precision_class_0_mean": 0.8181747074738197,
      "precision_class_0_std": 0.037796593383980025,
      "recall_class_0_mean": 0.7221973200289599,
      "recall_class_0_std": 0.02576998794717427,
      "f1_class_0_mean": 0.7665148879611996,
      "f1_class_0_std": 0.02158656254758531,
      "precision_class_1_mean": 0.8463974737694497,
      "precision_class_1_std": 0.010719558161099168,
      "recall_class_1_mean": 0.9037786968039182,
      "recall_class_1_std": 0.024470557267284313,
      "f1_class_1_mean": 0.8739812232101233,
      "f1_class_1_std": 0.013710592840756208,
      "minority_f1_c0_mean": 0.7665148879611996,
      "minority_f1_c0_std": 0.02158656254758531,
      "minority_f1_c1_mean": 0.8739812232101233,
      "minority_f1_c1_std": 0.013710592840756208,
      "gmean_mean": 0.8076548171020546,
      "gmean_std": 0.015910771830278964
    },
    "borderline_smote": {
      "fuzzy_accuracy_mean": 0.8784530401229859,
      "fuzzy_accuracy_std": 0.01080137769013664,
      "fuzzy_cross_entropy_mean": 0.9557289123535156,
      "fuzzy_cross_entropy_std": 0.08572165299155382,
      "accuracy_mean": 0.8338858195211787,
      "accuracy_std": 0.013996316758747698,
      "balanced_accuracy_mean": 0.8089438566048957,
      "balanced_accuracy_std": 0.019266829969292153,
      "macro_precision_mean": 0.8303004706494196,
      "macro_precision_std": 0.01541139944030359,
      "macro_recall_mean": 0.8089438566048957,
      "macro_recall_std": 0.019266829969292153,
      "macro_f1_mean": 0.8165565335498908,
      "macro_f1_std": 0.016893243222955878,
      "precision_class_0_mean": 0.8180551658118722,
      "precision_class_0_std": 0.025872131736941344,
      "recall_class_0_mean": 0.7123076679412645,
      "recall_class_0_std": 0.045134468051528376,
      "f1_class_0_mean": 0.7604677949332613,
      "f1_class_0_std": 0.02532811683055925,
      "precision_class_1_mean": 0.8425457754869672,
      "precision_class_1_std": 0.019685254634792152,
      "recall_class_1_mean": 0.9055800452685266,
      "recall_class_1_std": 0.017873638033737812,
      "f1_class_1_mean": 0.8726452721665204,
      "f1_class_1_std": 0.010239823644602656,
      "minority_f1_c0_mean": 0.7604677949332613,
      "minority_f1_c0_std": 0.02532811683055925,
      "minority_f1_c1_mean": 0.8726452721665204,
      "minority_f1_c1_std": 0.010239823644602656,
      "gmean_mean": 0.802587006801858,
      "gmean_std": 0.021675668268978432
    },
    "fuzzy_smote": {
      "fuzzy_accuracy_mean": 0.9233885884284974,
      "fuzzy_accuracy_std": 0.006851229639704951,
      "fuzzy_cross_entropy_mean": 0.4228489279747009,
      "fuzzy_cross_entropy_std": 0.010796507240916037,
      "accuracy_mean": 0.8574585635359115,
      "accuracy_std": 0.010963444615939021,
      "balanced_accuracy_mean": 0.8483320426821066,
      "balanced_accuracy_std": 0.012892991328959777,
      "macro_precision_mean": 0.8472944499041943,
      "macro_precision_std": 0.012132028250588735,
      "macro_recall_mean": 0.8483320426821066,
      "macro_recall_std": 0.012892991328959777,
      "macro_f1_mean": 0.8475886671507207,
      "macro_f1_std": 0.011971291984445168,
      "precision_class_0_mean": 0.8057914748928029,
      "precision_class_0_std": 0.019928918732278266,
      "recall_class_0_mean": 0.8127138985953402,
      "recall_class_0_std": 0.025329991511090492,
      "f1_class_0_mean": 0.80892842355639,
      "f1_class_0_std": 0.01595134051812383,
      "precision_class_1_mean": 0.8887974249155862,
      "precision_class_1_std": 0.013714365850462606,
      "recall_class_1_mean": 0.883950186768873,
      "recall_class_1_std": 0.013595604488235947,
      "f1_class_1_mean": 0.8862489107450513,
      "f1_class_1_std": 0.008853239520267914,
      "minority_f1_c0_mean": 0.80892842355639,
      "minority_f1_c0_std": 0.01595134051812383,
      "minority_f1_c1_mean": 0.8862489107450513,
      "minority_f1_c1_std": 0.008853239520267914,
      "gmean_mean": 0.8474339303705414,
      "gmean_std": 0.01317460036916578
    },
    "graphsmote": {
      "fuzzy_accuracy_mean": 0.9620626091957092,
      "fuzzy_accuracy_std": 0.012025661743292863,
      "fuzzy_cross_entropy_mean": 0.5530045032501221,
      "fuzzy_cross_entropy_std": 0.03907055519789331,
      "accuracy_mean": 0.9204419889502763,
      "accuracy_std": 0.010888946960658891,
      "balanced_accuracy_mean": 0.9169528481182351,
      "balanced_accuracy_std": 0.012333210499189172,
      "macro_precision_mean": 0.9140274135038174,
      "macro_precision_std": 0.01177629489105583,
      "macro_recall_mean": 0.9169528481182351,
      "macro_recall_std": 0.012333210499189172,
      "macro_f1_mean": 0.9151425718884545,
      "macro_f1_std": 0.01147078255379476,
      "precision_class_0_mean": 0.8865447441050571,
      "precision_class_0_std": 0.023234773901154988,
      "recall_class_0_mean": 0.9023638863650684,
      "recall_class_0_std": 0.02525343847573401,
      "f1_class_0_mean": 0.893951602518797,
      "f1_class_0_std": 0.014106315751096526,
      "precision_class_1_mean": 0.9415100829025779,
      "precision_class_1_std": 0.015677046931246035,
      "recall_class_1_mean": 0.9315418098714019,
      "recall_class_1_std": 0.014943244544414532,
      "f1_class_1_mean": 0.9363335412581119,
      "f1_class_1_std": 0.008884951942130834,
      "minority_f1_c0_mean": 0.893951602518797,
      "minority_f1_c0_std": 0.014106315751096526,
      "minority_f1_c1_mean": 0.9363335412581119,
      "minority_f1_c1_std": 0.008884951942130834,
      "gmean_mean": 0.9166828598781924,
      "gmean_std": 0.012486796182350204
    },
    "gatsmote": {
      "fuzzy_accuracy_mean": 0.970165753364563,
      "fuzzy_accuracy_std": 0.010247088967262877,